{"cameraMode":{"drawMode":0,"name":"Shaded","section":"Shading Mode"},"sceneLighting":true,"audioPlay":false,"sceneViewState":{"showFog":true,"showMaterialUpdate":false,"showSkybox":true,"showFlares":true,"showImageEffects":true,"showParticleSystems":true},"in2DMode":false,"pivot":{"x":8.211621284484864,"y":-4.999999523162842,"z":9.081374168395996},"rotation":{"x":-0.1317848563194275,"y":-0.045486096292734149,"z":0.006053526420146227,"w":-0.9902167320251465},"size":10.772669792175293,"orthographic":false}